2023-11-13 17:33:04.204919,Fail
2023-10-05 17:33:04.204919,Pass
2023-08-16 17:33:04.204919,Needs Improvement
2024-03-23 17:33:04.204919,Fail
2023-05-25 17:33:04.204919,Fail
2023-06-14 17:33:04.204919,Needs Improvement
2023-07-08 17:33:04.204919,Fail
2023-10-26 17:33:04.204919,Fail
2023-06-22 17:33:04.204919,Fail
2023-10-15 17:33:04.204919,Pass
2023-06-21 17:33:04.204919,Needs Improvement
2023-11-05 17:33:04.204919,Fail
2023-12-07 17:33:04.204919,Fail
2024-03-10 17:33:04.204919,Needs Improvement
2023-09-16 17:33:04.204919,Fail
2023-07-20 17:33:04.204919,Pass
2024-02-02 17:33:04.204919,Needs Improvement
2023-05-12 17:33:04.204919,Pass
2024-03-31 17:33:04.204919,Fail
2024-04-18 17:33:04.204919,Fail
2024-02-23 17:33:04.204919,Fail
2024-01-07 17:33:04.204919,Pass
2023-08-06 17:33:04.204919,Fail
2023-11-24 17:33:04.204919,Fail
2023-06-27 17:33:04.204919,Needs Improvement
2024-04-13 17:33:04.204919,Fail
2023-10-18 17:33:04.204919,Pass
2023-07-30 17:33:04.204919,Pass
2023-10-10 17:33:04.204919,Pass
2023-09-25 17:33:04.204919,Pass
2023-06-25 17:33:04.204919,Needs Improvement
2024-01-15 17:33:04.204919,Pass
2024-02-12 17:33:04.204919,Needs Improvement
2023-06-10 17:33:04.204919,Fail
2023-04-28 17:33:04.204919,Needs Improvement
2024-04-14 17:33:04.204919,Fail
2024-02-19 17:33:04.204919,Needs Improvement
2023-06-27 17:33:04.204919,Fail
2023-08-08 17:33:04.204919,Fail
2023-04-27 17:33:04.204919,Needs Improvement
2024-04-12 17:33:04.204919,Pass
2023-06-03 17:33:04.204919,Needs Improvement
2024-03-21 17:33:04.204919,Pass
2023-11-14 17:33:04.204919,Pass
2024-01-07 17:33:04.204919,Needs Improvement
2024-04-22 17:33:04.204919,Pass
2023-12-08 17:33:04.204919,Fail
2024-01-18 17:33:04.204919,Needs Improvement
2023-06-24 17:33:04.204919,Fail
2023-12-10 17:33:04.204919,Needs Improvement
2023-11-01 17:33:04.204919,Pass
2023-06-13 17:33:04.204919,Fail
2023-10-17 17:33:04.204919,Needs Improvement
2023-09-24 17:33:04.204919,Fail
2024-03-06 17:33:04.204919,Needs Improvement
2023-11-06 17:33:04.204919,Pass
2023-12-16 17:33:04.204919,Fail
2023-08-17 17:33:04.204919,Fail
2024-04-08 17:33:04.204919,Fail
2023-11-26 17:33:04.204919,Fail
2023-06-20 17:33:04.204919,Fail
2023-08-29 17:33:04.204919,Pass
2023-07-13 17:33:04.204919,Fail
2023-07-11 17:33:04.204919,Fail
2023-11-15 17:33:04.204919,Fail
2023-10-04 17:33:04.204919,Needs Improvement
2023-11-01 17:33:04.204919,Pass
2024-01-31 17:33:04.204919,Needs Improvement
2023-12-09 17:33:04.204919,Needs Improvement
2023-12-05 17:33:04.204919,Pass
2023-07-14 17:33:04.204919,Needs Improvement
2023-08-27 17:33:04.204919,Pass
2023-11-08 17:33:04.204919,Needs Improvement
2023-09-28 17:33:04.204919,Pass
2023-11-03 17:33:04.204919,Pass
2023-09-07 17:33:04.204919,Fail
2023-06-03 17:33:04.204919,Fail
2023-06-20 17:33:04.204919,Fail
2023-08-11 17:33:04.204919,Needs Improvement
2023-10-09 17:33:04.204919,Needs Improvement
2024-04-14 17:33:04.204919,Fail
2023-08-05 17:33:04.204919,Pass
2024-02-12 17:33:04.204919,Needs Improvement
2024-03-06 17:33:04.204919,Pass
2023-10-20 17:33:04.204919,Needs Improvement
2023-06-05 17:33:04.204919,Pass
2023-07-27 17:33:04.204919,Needs Improvement
2023-11-26 17:33:04.204919,Needs Improvement
2023-09-28 17:33:04.204919,Pass
2024-04-19 17:33:04.204919,Pass
2023-12-27 17:33:04.204919,Fail
2023-09-04 17:33:04.204919,Pass
2023-08-10 17:33:04.204919,Pass
2023-07-31 17:33:04.204919,Needs Improvement
2023-10-15 17:33:04.204919,Needs Improvement
2024-03-11 17:33:04.204919,Needs Improvement
2024-03-01 17:33:04.204919,Pass
2024-01-25 17:33:04.204919,Fail
2023-09-20 17:33:04.204919,Fail
2024-01-22 17:33:04.204919,Needs Improvement
2024-04-22 17:33:04.204919,Needs Improvement
2023-06-03 17:33:04.204919,Needs Improvement
2023-06-15 17:33:04.204919,Needs Improvement
2023-07-01 17:33:04.204919,Pass
2024-01-17 17:33:04.204919,Fail
2024-01-28 17:33:04.204919,Needs Improvement
2023-05-29 17:33:04.204919,Needs Improvement
2024-01-16 17:33:04.204919,Needs Improvement
2023-12-14 17:33:04.204919,Fail
2023-05-27 17:33:04.204919,Pass
2024-02-09 17:33:04.204919,Needs Improvement
2024-01-20 17:33:04.204919,Pass
2023-05-20 17:33:04.204919,Needs Improvement
2023-06-17 17:33:04.204919,Needs Improvement
2024-02-18 17:33:04.204919,Needs Improvement
2023-09-15 17:33:04.204919,Needs Improvement
2024-04-03 17:33:04.204919,Needs Improvement
2023-11-11 17:33:04.204919,Fail
2024-04-02 17:33:04.204919,Fail
2023-08-11 17:33:04.204919,Needs Improvement
2023-06-24 17:33:04.204919,Pass
2023-12-22 17:33:04.204919,Needs Improvement
2024-01-03 17:33:04.204919,Pass
2024-04-07 17:33:04.204919,Needs Improvement
2023-07-28 17:33:04.204919,Needs Improvement
2023-06-19 17:33:04.204919,Pass
2023-11-20 17:33:04.204919,Pass
2023-06-18 17:33:04.204919,Pass
2024-02-09 17:33:04.204919,Pass
2023-10-12 17:33:04.204919,Fail
2024-02-09 17:33:04.204919,Fail
2024-01-23 17:33:04.204919,Pass
2023-06-16 17:33:04.204919,Pass
2023-10-10 17:33:04.204919,Needs Improvement
2024-04-23 17:33:04.204919,Fail
2023-09-30 17:33:04.204919,Fail
2023-05-07 17:33:04.204919,Needs Improvement
2023-05-17 17:33:04.204919,Pass
2023-10-29 17:33:04.204919,Needs Improvement
2023-12-09 17:33:04.204919,Pass
2024-04-20 17:33:04.204919,Needs Improvement
2023-12-07 17:33:04.204919,Fail
2023-10-08 17:33:04.204919,Fail
2024-02-28 17:33:04.204919,Fail
2023-10-22 17:33:04.204919,Pass
2023-09-11 17:33:04.204919,Fail
2023-09-16 17:33:04.204919,Fail
2023-07-02 17:33:04.204919,Fail
2023-07-13 17:33:04.204919,Needs Improvement
2024-02-07 17:33:04.204919,Fail
2024-01-02 17:33:04.204919,Fail
2023-11-05 17:33:04.204919,Pass
2023-09-05 17:33:04.204919,Pass
2023-09-22 17:33:04.204919,Pass
2023-05-17 17:33:04.204919,Needs Improvement
2024-04-21 17:33:04.204919,Needs Improvement
2023-12-01 17:33:04.204919,Fail
2023-09-03 17:33:04.204919,Needs Improvement
2023-06-19 17:33:04.204919,Needs Improvement
2024-02-29 17:33:04.204919,Fail
2023-05-03 17:33:04.204919,Needs Improvement
2023-05-15 17:33:04.204919,Fail
2024-01-23 17:33:04.204919,Pass
2024-01-14 17:33:04.204919,Fail
2023-09-06 17:33:04.204919,Needs Improvement
2023-10-23 17:33:04.204919,Pass
2023-05-18 17:33:04.204919,Pass
2023-06-14 17:33:04.204919,Pass
2023-06-04 17:33:04.204919,Needs Improvement
2023-12-03 17:33:04.204919,Needs Improvement
2023-08-14 17:33:04.204919,Needs Improvement
2023-10-01 17:33:04.204919,Fail
2023-09-05 17:33:04.204919,Pass
2024-01-31 17:33:04.204919,Needs Improvement
2024-04-03 17:33:04.204919,Pass
2023-06-19 17:33:04.204919,Fail
2023-08-17 17:33:04.204919,Fail
2023-06-06 17:33:04.204919,Fail
2023-06-25 17:33:04.204919,Pass
2024-03-24 17:33:04.204919,Pass
2023-12-24 17:33:04.204919,Fail
2023-12-08 17:33:04.204919,Pass
2023-06-23 17:33:04.204919,Pass
2023-06-25 17:33:04.204919,Pass
2023-06-15 17:33:04.204919,Pass
2023-07-04 17:33:04.204919,Pass
2024-03-06 17:33:04.204919,Fail
2024-03-26 17:33:04.204919,Needs Improvement
2023-04-30 17:33:04.204919,Needs Improvement
2023-10-08 17:33:04.204919,Pass
2023-11-23 17:33:04.204919,Fail
2023-06-18 17:33:04.204919,Pass
2024-01-20 17:33:04.204919,Needs Improvement
2024-02-21 17:33:04.204919,Fail
2023-11-13 17:33:04.204919,Needs Improvement
2023-12-21 17:33:04.204919,Fail
2023-08-01 17:33:04.204919,Needs Improvement
2023-12-07 17:33:04.204919,Pass
2023-09-09 17:33:04.204919,Needs Improvement
2023-11-23 17:33:04.204919,Fail
2023-05-21 17:33:04.204919,Pass
2024-01-06 17:33:04.204919,Fail
2023-10-10 17:33:04.204919,Pass
2024-03-05 17:33:04.204919,Pass
2023-12-15 17:33:04.204919,Needs Improvement
2023-07-28 17:33:04.204919,Needs Improvement
2024-03-31 17:33:04.204919,Needs Improvement
2023-10-22 17:33:04.204919,Needs Improvement
2023-11-29 17:33:04.204919,Needs Improvement
2023-10-09 17:33:04.204919,Needs Improvement
2023-06-28 17:33:04.204919,Pass
2023-06-29 17:33:04.204919,Fail
2024-03-16 17:33:04.204919,Pass
2024-04-24 17:33:04.204919,Fail
2023-10-27 17:33:04.204919,Fail
2023-06-15 17:33:04.204919,Needs Improvement
2023-09-27 17:33:04.204919,Fail
2024-02-12 17:33:04.204919,Needs Improvement
2024-03-24 17:33:04.204919,Fail
2023-05-03 17:33:04.204919,Needs Improvement
2024-01-01 17:33:04.204919,Needs Improvement
2023-11-11 17:33:04.204919,Needs Improvement
2024-02-19 17:33:04.204919,Pass
2023-05-19 17:33:04.204919,Fail
2024-02-22 17:33:04.204919,Fail
2023-07-29 17:33:04.204919,Needs Improvement
2023-06-11 17:33:04.204919,Fail
2024-02-25 17:33:04.204919,Pass
2023-09-19 17:33:04.204919,Pass
2023-09-04 17:33:04.204919,Fail
2024-01-15 17:33:04.204919,Needs Improvement
2023-11-20 17:33:04.204919,Needs Improvement
2024-04-14 17:33:04.204919,Needs Improvement
2024-03-11 17:33:04.204919,Pass
2023-07-04 17:33:04.204919,Needs Improvement
2023-10-06 17:33:04.204919,Fail
2023-06-16 17:33:04.204919,Fail
2023-11-03 17:33:04.204919,Needs Improvement
2023-10-07 17:33:04.204919,Fail
2023-05-14 17:33:04.204919,Fail
2023-10-28 17:33:04.204919,Pass
2023-08-17 17:33:04.204919,Fail
2023-10-08 17:33:04.204919,Fail
2023-07-18 17:33:04.204919,Needs Improvement
2023-09-07 17:33:04.204919,Pass
2023-10-10 17:33:04.204919,Pass
2023-12-04 17:33:04.204919,Fail
2024-02-10 17:33:04.204919,Needs Improvement
2023-10-26 17:33:04.204919,Needs Improvement
2024-04-21 17:33:04.204919,Needs Improvement
