2023-09-24 17:33:04.158535,Pass
2023-06-12 17:33:04.158535,Pass
2023-07-31 17:33:04.158535,Needs Improvement
2023-05-06 17:33:04.158535,Fail
2023-12-05 17:33:04.158535,Needs Improvement
2023-04-30 17:33:04.158535,Needs Improvement
2023-08-22 17:33:04.158535,Needs Improvement
2023-04-27 17:33:04.158535,Needs Improvement
2024-03-17 17:33:04.158535,Fail
2023-09-12 17:33:04.158535,Needs Improvement
2023-07-24 17:33:04.158535,Pass
2024-03-12 17:33:04.158535,Fail
2023-09-24 17:33:04.158535,Pass
2023-11-11 17:33:04.158535,Fail
2023-10-19 17:33:04.158535,Pass
2024-04-05 17:33:04.158535,Fail
2024-02-20 17:33:04.158535,Needs Improvement
2023-12-16 17:33:04.158535,Needs Improvement
2023-09-23 17:33:04.158535,Fail
2024-02-19 17:33:04.158535,Needs Improvement
2024-02-04 17:33:04.158535,Needs Improvement
2023-06-04 17:33:04.158535,Pass
2023-07-06 17:33:04.158535,Pass
2024-03-17 17:33:04.158535,Needs Improvement
2023-07-18 17:33:04.158535,Fail
2024-03-12 17:33:04.158535,Needs Improvement
2023-09-05 17:33:04.158535,Fail
2024-02-27 17:33:04.158535,Pass
2023-08-31 17:33:04.158535,Pass
2023-12-06 17:33:04.158535,Pass
2023-09-28 17:33:04.158535,Needs Improvement
2023-10-24 17:33:04.158535,Fail
2023-09-30 17:33:04.158535,Needs Improvement
2023-06-30 17:33:04.158535,Needs Improvement
2023-07-28 17:33:04.158535,Pass
2023-09-19 17:33:04.158535,Fail
2023-11-16 17:33:04.158535,Fail
2023-12-03 17:33:04.158535,Needs Improvement
2024-04-12 17:33:04.158535,Pass
2024-03-24 17:33:04.158535,Fail
2023-12-16 17:33:04.158535,Needs Improvement
2023-10-06 17:33:04.158535,Fail
2023-08-09 17:33:04.158535,Needs Improvement
2023-07-11 17:33:04.158535,Needs Improvement
2023-08-20 17:33:04.158535,Needs Improvement
2023-08-28 17:33:04.158535,Pass
2023-07-14 17:33:04.158535,Pass
2023-12-20 17:33:04.158535,Pass
2023-12-29 17:33:04.158535,Pass
2023-10-15 17:33:04.158535,Fail
2024-01-12 17:33:04.158535,Fail
2023-10-24 17:33:04.158535,Pass
2023-08-18 17:33:04.158535,Pass
2023-11-25 17:33:04.158535,Pass
2023-11-07 17:33:04.158535,Pass
2024-03-09 17:33:04.158535,Fail
2023-06-21 17:33:04.158535,Fail
2023-11-20 17:33:04.158535,Pass
2024-01-09 17:33:04.158535,Needs Improvement
2023-06-04 17:33:04.158535,Needs Improvement
2023-07-25 17:33:04.158535,Needs Improvement
2024-04-05 17:33:04.158535,Pass
2023-10-10 17:33:04.158535,Pass
2023-07-16 17:33:04.158535,Pass
2024-04-11 17:33:04.158535,Needs Improvement
2023-11-04 17:33:04.158535,Needs Improvement
2024-04-25 17:33:04.158535,Pass
2023-10-06 17:33:04.158535,Pass
2023-10-12 17:33:04.158535,Needs Improvement
2023-07-10 17:33:04.158535,Needs Improvement
2024-02-05 17:33:04.158535,Fail
2024-02-15 17:33:04.158535,Needs Improvement
2023-05-24 17:33:04.158535,Needs Improvement
2023-10-02 17:33:04.158535,Fail
2023-09-27 17:33:04.158535,Fail
2023-11-17 17:33:04.158535,Pass
2023-05-09 17:33:04.158535,Needs Improvement
2024-02-19 17:33:04.158535,Fail
2023-11-22 17:33:04.158535,Pass
2023-05-16 17:33:04.158535,Fail
2024-02-12 17:33:04.158535,Needs Improvement
2023-10-25 17:33:04.158535,Pass
2023-12-04 17:33:04.158535,Fail
2023-11-13 17:33:04.158535,Needs Improvement
2023-07-19 17:33:04.158535,Pass
2023-08-01 17:33:04.158535,Needs Improvement
2024-03-31 17:33:04.158535,Needs Improvement
2024-01-04 17:33:04.158535,Fail
2024-02-16 17:33:04.158535,Fail
2023-07-30 17:33:04.158535,Pass
2023-05-13 17:33:04.158535,Needs Improvement
2023-10-12 17:33:04.158535,Fail
2023-11-13 17:33:04.158535,Fail
2024-02-04 17:33:04.158535,Pass
2023-06-25 17:33:04.158535,Pass
2023-09-10 17:33:04.158535,Fail
2023-08-05 17:33:04.158535,Fail
2023-09-18 17:33:04.158535,Needs Improvement
2023-07-25 17:33:04.158535,Pass
2023-06-21 17:33:04.158535,Fail
2024-01-20 17:33:04.158535,Pass
2023-10-22 17:33:04.158535,Pass
2024-02-09 17:33:04.158535,Fail
2023-06-28 17:33:04.158535,Needs Improvement
2023-08-08 17:33:04.158535,Fail
2023-05-04 17:33:04.158535,Fail
2023-07-19 17:33:04.158535,Pass
2023-04-27 17:33:04.158535,Needs Improvement
2023-07-31 17:33:04.158535,Pass
2023-09-26 17:33:04.158535,Needs Improvement
2024-01-07 17:33:04.158535,Pass
2024-02-19 17:33:04.158535,Pass
2023-12-07 17:33:04.158535,Needs Improvement
2023-12-20 17:33:04.158535,Pass
2024-01-13 17:33:04.158535,Fail
2023-06-05 17:33:04.158535,Needs Improvement
2023-08-15 17:33:04.158535,Needs Improvement
2024-02-25 17:33:04.158535,Needs Improvement
2023-06-21 17:33:04.158535,Needs Improvement
2024-03-02 17:33:04.158535,Fail
2023-05-07 17:33:04.158535,Pass
2023-04-29 17:33:04.158535,Needs Improvement
2023-09-28 17:33:04.158535,Pass
2023-10-18 17:33:04.158535,Needs Improvement
2024-04-23 17:33:04.158535,Pass
2023-10-18 17:33:04.158535,Needs Improvement
2023-07-31 17:33:04.158535,Pass
2023-09-22 17:33:04.158535,Fail
2023-12-23 17:33:04.158535,Pass
2024-01-22 17:33:04.158535,Needs Improvement
2023-10-03 17:33:04.158535,Fail
2024-03-08 17:33:04.158535,Pass
2023-07-06 17:33:04.158535,Needs Improvement
2023-08-08 17:33:04.158535,Needs Improvement
2023-11-04 17:33:04.158535,Pass
2023-08-14 17:33:04.158535,Fail
2023-10-30 17:33:04.158535,Needs Improvement
2024-03-07 17:33:04.158535,Needs Improvement
2024-02-25 17:33:04.158535,Needs Improvement
2024-04-04 17:33:04.158535,Pass
2024-02-12 17:33:04.158535,Pass
2024-01-30 17:33:04.158535,Pass
2023-10-22 17:33:04.158535,Needs Improvement
2023-12-06 17:33:04.158535,Pass
2024-04-09 17:33:04.158535,Pass
2023-06-28 17:33:04.158535,Needs Improvement
2023-05-08 17:33:04.158535,Fail
2023-08-26 17:33:04.158535,Pass
2023-05-31 17:33:04.158535,Pass
2023-07-28 17:33:04.158535,Fail
2023-06-29 17:33:04.158535,Fail
2023-08-23 17:33:04.158535,Pass
2023-07-28 17:33:04.158535,Needs Improvement
2024-04-15 17:33:04.158535,Pass
2023-07-29 17:33:04.158535,Fail
2023-07-26 17:33:04.158535,Fail
2024-03-14 17:33:04.158535,Needs Improvement
2024-01-18 17:33:04.158535,Fail
2024-03-18 17:33:04.158535,Fail
2024-01-21 17:33:04.158535,Fail
2023-05-15 17:33:04.158535,Pass
2024-01-10 17:33:04.158535,Fail
2023-09-02 17:33:04.158535,Needs Improvement
2024-01-29 17:33:04.158535,Needs Improvement
2023-06-01 17:33:04.158535,Needs Improvement
2023-05-26 17:33:04.158535,Fail
2023-10-18 17:33:04.158535,Needs Improvement
2023-12-13 17:33:04.158535,Needs Improvement
2023-04-27 17:33:04.158535,Needs Improvement
2023-12-17 17:33:04.158535,Pass
2024-01-29 17:33:04.158535,Pass
2023-09-23 17:33:04.158535,Needs Improvement
2024-01-17 17:33:04.158535,Pass
2023-12-13 17:33:04.158535,Pass
2023-12-04 17:33:04.158535,Fail
2023-10-07 17:33:04.158535,Pass
2024-04-04 17:33:04.158535,Pass
2023-07-09 17:33:04.158535,Pass
2023-06-18 17:33:04.158535,Fail
2024-04-04 17:33:04.158535,Pass
2024-03-22 17:33:04.158535,Needs Improvement
2024-02-23 17:33:04.158535,Needs Improvement
2024-03-25 17:33:04.158535,Fail
2023-12-17 17:33:04.158535,Fail
2023-05-04 17:33:04.158535,Pass
2023-10-14 17:33:04.158535,Pass
2023-09-24 17:33:04.158535,Pass
2024-03-19 17:33:04.158535,Fail
2023-09-03 17:33:04.158535,Fail
2024-04-23 17:33:04.158535,Fail
2023-12-20 17:33:04.158535,Pass
2023-12-12 17:33:04.158535,Needs Improvement
2023-06-21 17:33:04.158535,Pass
2024-03-30 17:33:04.158535,Fail
2023-05-16 17:33:04.158535,Fail
2024-02-12 17:33:04.158535,Needs Improvement
2024-04-03 17:33:04.158535,Needs Improvement
2023-12-06 17:33:04.158535,Needs Improvement
2023-09-29 17:33:04.158535,Fail
2023-08-31 17:33:04.158535,Pass
2024-01-27 17:33:04.158535,Needs Improvement
2023-07-27 17:33:04.158535,Needs Improvement
2023-12-04 17:33:04.158535,Pass
2023-06-02 17:33:04.158535,Pass
2024-04-24 17:33:04.158535,Pass
2023-09-13 17:33:04.158535,Pass
2023-09-24 17:33:04.158535,Fail
2023-06-16 17:33:04.158535,Pass
2024-03-16 17:33:04.158535,Fail
2023-11-13 17:33:04.158535,Pass
2023-12-11 17:33:04.158535,Needs Improvement
2023-07-16 17:33:04.158535,Fail
2023-09-20 17:33:04.158535,Needs Improvement
2023-10-18 17:33:04.158535,Fail
2023-05-24 17:33:04.158535,Fail
2023-12-17 17:33:04.158535,Fail
2024-01-05 17:33:04.158535,Pass
2023-08-26 17:33:04.158535,Needs Improvement
2024-02-27 17:33:04.158535,Needs Improvement
2024-04-10 17:33:04.158535,Fail
2023-12-22 17:33:04.158535,Pass
2023-05-07 17:33:04.158535,Pass
2024-03-19 17:33:04.158535,Pass
2023-05-21 17:33:04.158535,Pass
2023-10-28 17:33:04.158535,Fail
2023-12-31 17:33:04.158535,Pass
2023-07-10 17:33:04.158535,Needs Improvement
2024-04-17 17:33:04.158535,Pass
2023-09-09 17:33:04.158535,Fail
2023-08-26 17:33:04.158535,Fail
2024-02-28 17:33:04.158535,Pass
2024-01-02 17:33:04.158535,Pass
2023-11-24 17:33:04.158535,Pass
2023-10-16 17:33:04.158535,Fail
2023-11-02 17:33:04.158535,Pass
2023-06-03 17:33:04.158535,Pass
2024-03-25 17:33:04.158535,Fail
2024-03-10 17:33:04.158535,Fail
2023-11-23 17:33:04.158535,Fail
2023-10-30 17:33:04.158535,Pass
2023-12-07 17:33:04.158535,Fail
2023-12-31 17:33:04.158535,Needs Improvement
2024-01-28 17:33:04.158535,Pass
2023-06-08 17:33:04.158535,Pass
2023-09-08 17:33:04.158535,Needs Improvement
2023-05-20 17:33:04.158535,Pass
2023-12-07 17:33:04.158535,Needs Improvement
2023-07-08 17:33:04.158535,Pass
2023-05-02 17:33:04.158535,Needs Improvement
2024-04-17 17:33:04.158535,Fail
